ID,File_name
B26,B26_F.csv
C10,C10_F.csv
C28,C28_F.csv
C41,C41_F.csv
C42,C42_F.csv
C43,C43_F.csv
G40,G40_F.csv
H1,H1_F.csv
H2,H2_F.csv
H44,H44_F.csv
H45,H45_F.csv
H46,H46_F.csv
H47,H47_F.csv
H48,H48_F.csv
H49,H49_F.csv
H50,H50_F.csv
J33,J33_F.csv
J34,J34_F.csv
L15,L15_F.csv
L16,L16_F.csv
L17,L17_F.csv
L18,L18_F.csv
L29,L29_F.csv
L3,L3_F.csv
L30,L30_F.csv
M19,M19_F.csv
P35,P35_F.csv
P9,P9_F.csv
S25,S25_F.csv
S32,S32_F.csv
S6,S6_F.csv
T20,T20_F.csv
T24,T24_F.csv
T37,T37_F.csv
T38,T38_F.csv
W21,W21_F.csv
W22,W22_F.csv
W23,W23_F.csv
W4,W4_F.csv
X31,X31_F.csv
Y36,Y36_F.csv
Z11,Z11_F.csv
Z12,Z12_F.csv
Z13,Z13_F.csv
Z14,Z14_F.csv
Z27,Z27_F.csv
Z39,Z39_F.csv
Z5,Z5_F.csv
Z7,Z7_F.csv
Z8,Z8_F.csv
